title,price,availability,rating,relative_url,category,page_in_category
It's Only the Himalayas,45.17,In stock,2,../../../its-only-the-himalayas_981/index.html,Travel,1
Full Moon over Noah’s Ark: An Odyssey to Mount Ararat and Beyond,49.43,In stock,4,../../../full-moon-over-noahs-ark-an-odyssey-to-mount-ararat-and-beyond_811/index.html,Travel,1
See America: A Celebration of Our National Parks & Treasured Sites,48.87,In stock,3,../../../see-america-a-celebration-of-our-national-parks-treasured-sites_732/index.html,Travel,1
Vagabonding: An Uncommon Guide to the Art of Long-Term World Travel,36.94,In stock,2,../../../vagabonding-an-uncommon-guide-to-the-art-of-long-term-world-travel_552/index.html,Travel,1
Under the Tuscan Sun,37.33,In stock,3,../../../under-the-tuscan-sun_504/index.html,Travel,1
A Summer In Europe,44.34,In stock,2,../../../a-summer-in-europe_458/index.html,Travel,1
The Great Railway Bazaar,30.54,In stock,1,../../../the-great-railway-bazaar_446/index.html,Travel,1
A Year in Provence (Provence #1),56.88,In stock,4,../../../a-year-in-provence-provence-1_421/index.html,Travel,1
The Road to Little Dribbling: Adventures of an American in Britain (Notes From a Small Island #2),23.21,In stock,1,../../../the-road-to-little-dribbling-adventures-of-an-american-in-britain-notes-from-a-small-island-2_277/index.html,Travel,1
Neither Here nor There: Travels in Europe,38.95,In stock,3,../../../neither-here-nor-there-travels-in-europe_198/index.html,Travel,1
"1,000 Places to See Before You Die",26.08,In stock,5,../../../1000-places-to-see-before-you-die_1/index.html,Travel,1
